{"count":1,"self":216.3347456,"total":6453.5867377999994,"children":{"InitializeActuators":{"count":256,"self":0,"total":0,"children":null},"InitializeSensors":{"count":256,"self":0.0050498,"total":0.0050498,"children":null},"AgentSendState":{"count":215134,"self":340.42821119999996,"total":636.7591801,"children":{"CollectObservations":{"count":11017728,"self":4.505844,"total":4.505844,"children":null},"WriteActionMask":{"count":11017728,"self":4.5841756,"total":4.5841756999999994,"children":null},"RequestDecision":{"count":11017728,"self":17.9496176,"total":287.2409523,"children":{"AgentInfo.ToProto":{"count":11017728,"self":12.703759999999999,"total":269.29133509999997,"children":{"GenerateSensorData":{"count":11017728,"self":229.7292544,"total":256.587575,"children":{"RayPerceptionSensor.Perceive":{"count":11017728,"self":26.8583264,"total":26.8583267,"children":null}}}}}}}}},"DecideAction":{"count":215134,"self":5518.7271679999994,"total":5518.7273288999995,"children":null},"AgentAct":{"count":215134,"self":76.716089599999989,"total":76.7160876,"children":null},"AgentInfo.ToProto":{"count":124504,"self":0.38641899999999996,"total":5.0413486999999995,"children":{"GenerateSensorData":{"count":124504,"self":4.2511276,"total":4.6549296999999994,"children":{"RayPerceptionSensor.Perceive":{"count":124504,"self":0.403802,"total":0.403802,"children":null}}}}}},"gauges":{"SoccerTwos.CumulativeReward":{"count":124504,"max":0,"min":-0.99994123,"runningAverage":-0.0220970027,"value":0,"weightedAverage":-0.00748989172}},"metadata":{"timer_format_version":"0.1.0","start_time_seconds":"1732115976","unity_version":"2022.3.46f1","command_line_arguments":"D:\\Unity\\Project2.1\\AIML15-UM\\ml-agents-fix-numpy-release-21-branch\\builds\/UnityEnvironment.exe -nographics -batchmode --mlagents-port 5005 -logFile D:\\Unity\\Project2.1\\AIML15-UM\\ml-agents-fix-numpy-release-21-branch\\results\\Soccer_twos_pocaTest205.5\\run_logs\\Player-0.log","communication_protocol_version":"1.5.0","com.unity.ml-agents_version":"3.0.0-exp.1","scene_name":"SoccerTwos","end_time_seconds":"1732122429"}}